StartDate,EndDate,Status,IPAddress,Progress,Duration (in seconds),Finished,RecordedDate,ResponseId,RecipientLastName,RecipientFirstName,RecipientEmail,ExternalReference,LocationLatitude,LocationLongitude,DistributionChannel,UserLanguage,Q_RecaptchaScore,consent,prolific_id,num6,num1,num2,num4,num5,num3,attn,certain_choice,uncertain_choice,ariely_choice,gigerenzer_choice,Q36,Q39_First Click,Q39_Last Click,Q39_Page Submit,Q39_Click Count,Q3_1,Q1_1,Q24_First Click,Q24_Last Click,Q24_Page Submit,Q24_Click Count,Q1_1,Q2_1,Q42_First Click,Q42_Last Click,Q42_Page Submit,Q42_Click Count,b1,b2,b3,b5,b6,b7,bonus_certain,bonus_uncertain,Q32,bonus_pre_ev,bonus_with_pre_ev,substitution,PROLIFIC_PID,bonus,click_1,click_2,click_3,click_4,click_5,click_6,click_7,click_8
Start Date,End Date,Response Type,IP Address,Progress,Duration (in seconds),Finished,Recorded Date,Response ID,Recipient Last Name,Recipient First Name,Recipient Email,External Data Reference,Location Latitude,Location Longitude,Distribution Channel,User Language,Q_RecaptchaScore,"Welcome to our research survey!



We want to learn more about people's numerical skills. Some of the questions are challenging. We only ask that you try your best. 



On the survey, we will check if people are paying attention. Those paying attention will get an additional bonus payment.



Your answers are anonymous. And only aggregated results will be shown in reports and presentations.



Do you consent to take this survey?","What is your Prolific ID? 
Please note that this response should auto-fill with the correct ID","In the BIG BUCKS LOTTERY, the chances of winning a $10 prize are 1%. What is your best guess about how many people would win a $10 prize if 1000 people each buy a single ticket from BIG BUCKS?",A train travels 1 mile in 1 minute and 20 seconds. How many miles will it travel in one hour?,"Imagine that we roll a fair, six-sided die 1000 times. On average, how many times will the die come up as an even number?","In a sale, a shop is selling all items at half price. Before the sale, the sofa costs $300. How much will it cost on sale?","A second hand car dealer is selling a car for $6,000. This is two-thirds of what it cost new. How much did the car cost new?",A father is 33 years older than his son. The father is also four times as old as his son. What's the fatherâ€™s age.,"People are very busy these days and many do not have time to follow what goes on in the government. We are testing whether people read questions. To show that you've read this much, answer both ""extremely interested"" and ""very interested.""",Which one do you prefer?,Which one do you prefer?,Which one do you prefer?,Which one do you prefer?,Which political party do you support?,Timing - First Click,Timing - Last Click,Timing - Page Submit,Timing - Click Count,Review the messages from two politicians and indicate who has a higher chance of winning the election: - 1,Review the messages from two politicians and indicate who has a higher chance of winning the election: - 1,Timing - First Click,Timing - Last Click,Timing - Page Submit,Timing - Click Count,Review the messages from two politicians and indicate who has a higher chance of winning the election: - 1,Review the messages from two politicians and indicate who has a higher chance of winning the election: - 1,Timing - First Click,Timing - Last Click,Timing - Page Submit,Timing - Click Count,Is this account @CharlesThomasW7 real or fake?,Is this account @MyraDSirois1 real or fake?,Is this account @scott_felps real or fake?,Is this account @dchummer989 real or fake?,Is this account @bookworm1858 real or fake?,Is this account @barbara_sergent real or fake?,You are eligible for the bonus payment. You can pick one of the following options for your bonus ...,You are eligible for the bonus payment. You can pick one of the following options for your bonus ...,"You won the XX Amazon gift card. Rather than sending the gift card, if you prefer receiving Prolific points/cash for the same value, click yes or else give us your email",What is the lowest amount of money that you would get from a lottery where you have a 50% chance of winning $50 and a 50% chance of winning $100?,You are eligible for the bonus payment. You can pick one of the following options for your bonus ...,"You previously requested a bonus payment in the form of an Amazon gift card. For ease of delivery, will you accept your bonus payment for the same amount as the card in cash as part of prolific payment?",PROLIFIC_PID,bonus,click_1,click_2,click_3,click_4,click_5,click_6,click_7,click_8
"{""ImportId"":""startDate"",""timeZone"":""America/Denver""}","{""ImportId"":""endDate"",""timeZone"":""America/Denver""}","{""ImportId"":""status""}","{""ImportId"":""ipAddress""}","{""ImportId"":""progress""}","{""ImportId"":""duration""}","{""ImportId"":""finished""}","{""ImportId"":""recordedDate"",""timeZone"":""America/Denver""}","{""ImportId"":""_recordId""}","{""ImportId"":""recipientLastName""}","{""ImportId"":""recipientFirstName""}","{""ImportId"":""recipientEmail""}","{""ImportId"":""externalDataReference""}","{""ImportId"":""locationLatitude""}","{""ImportId"":""locationLongitude""}","{""ImportId"":""distributionChannel""}","{""ImportId"":""userLanguage""}","{""ImportId"":""Q_RecaptchaScore""}","{""ImportId"":""QID58""}","{""ImportId"":""QID70_TEXT""}","{""ImportId"":""QID53""}","{""ImportId"":""QID48""}","{""ImportId"":""QID49""}","{""ImportId"":""QID50""}","{""ImportId"":""QID52""}","{""ImportId"":""QID51""}","{""ImportId"":""QID54""}","{""ImportId"":""QID61""}","{""ImportId"":""QID64""}","{""ImportId"":""QID59""}","{""ImportId"":""QID60""}","{""ImportId"":""QID72""}","{""ImportId"":""QID65_FIRST_CLICK""}","{""ImportId"":""QID65_LAST_CLICK""}","{""ImportId"":""QID65_PAGE_SUBMIT""}","{""ImportId"":""QID65_CLICK_COUNT""}","{""ImportId"":""QID3_1""}","{""ImportId"":""QID37_1""}","{""ImportId"":""QID24_FIRST_CLICK""}","{""ImportId"":""QID24_LAST_CLICK""}","{""ImportId"":""QID24_PAGE_SUBMIT""}","{""ImportId"":""QID24_CLICK_COUNT""}","{""ImportId"":""QID40_1""}","{""ImportId"":""QID41_1""}","{""ImportId"":""QID42_FIRST_CLICK""}","{""ImportId"":""QID42_LAST_CLICK""}","{""ImportId"":""QID42_PAGE_SUBMIT""}","{""ImportId"":""QID42_CLICK_COUNT""}","{""ImportId"":""QID28""}","{""ImportId"":""QID29""}","{""ImportId"":""QID30""}","{""ImportId"":""QID32""}","{""ImportId"":""QID33""}","{""ImportId"":""QID34""}","{""ImportId"":""QID62""}","{""ImportId"":""QID63""}","{""ImportId"":""QID68""}","{""ImportId"":""QID66_TEXT""}","{""ImportId"":""QID67""}","{""ImportId"":""QID69""}","{""ImportId"":""PROLIFIC_PID""}","{""ImportId"":""bonus""}","{""ImportId"":""click_1""}","{""ImportId"":""click_2""}","{""ImportId"":""click_3""}","{""ImportId"":""click_4""}","{""ImportId"":""click_5""}","{""ImportId"":""click_6""}","{""ImportId"":""click_7""}","{""ImportId"":""click_8""}"
2023-03-21 09:35:03,2023-03-21 09:36:16,Survey Preview,,100,72,True,2023-03-21 09:36:18,R_3PzCW84AFgOyetJ,,,,,40.7123,-74.0068,preview,EN,,,,,,,,,,,,,,,,,,,,,,,,,,,,,,,,,,,,,,,,,,,,,,,,,,,,,
2023-03-21 13:01:54,2023-03-21 13:03:06,Survey Preview,,100,71,True,2023-03-21 13:03:08,R_BRQNTWuDlEoMbvj,,,,,40.7123,-74.0068,preview,EN,,,,,,,,,,,,,,,,,,,,,,0,0,10.429,0,,,,,,,,,,,,,,,,,,,,,,,,,,,,
2023-03-21 13:17:28,2023-03-21 13:19:26,IP Address,74.66.199.134,100,117,True,2023-03-21 13:19:26,R_3qmuwzajiRB34Qx,,,,,40.7123,-74.0068,anonymous,EN,,,,,,,,,,,,,,,,,,,,36,,39.141,44.013,44.648,6,,,,,,,,,,,,,,,,,,,,,,,,,,,,
2023-03-21 13:31:13,2023-03-21 13:34:11,IP Address,41.175.197.244,100,178,True,2023-03-21 13:34:13,R_2Vn1eKWw1R6ciPL,,,,,-6.8135,39.2686,anonymous,EN,,,,,,,,,,,,,,,,,,,,43,,20.745,22.495,23.26,3,,,,,,,,,,,,,,,,,,,,,,,,,,,,
2023-03-21 13:36:22,2023-03-21 13:41:46,IP Address,72.225.195.35,100,323,True,2023-03-21 13:41:47,R_2ZVRkugO8CxqCDN,,,,,40.7123,-74.0068,anonymous,EN,,,,,,,,,,,,,,,,,,,,50,,39.666,47.552,48.98,3,,,,,,,,,,,,,,,,,,,,,,,,,,,,
2023-03-21 13:45:06,2023-03-21 14:30:50,IP Address,173.56.93.66,100,2743,True,2023-03-21 14:30:50,R_r6GCmkLUVmiuSNr,,,,,40.7123,-74.0068,anonymous,EN,,,,,,,,,,,,,,,,,,,,80,,39.81,68.186,71.234,3,,,,,,,,,,,,,,,,,,,,,,,,,,,,
2023-03-21 13:43:27,2023-03-21 17:26:57,IP Address,160.39.55.189,100,13409,True,2023-03-21 17:26:57,R_39pqPtWqFuhalwJ,,,,,40.7123,-74.0068,anonymous,EN,,,,,,,,,,,,,,,,,,,,40,,31.6,39.475,55.827,3,,,,,,,,,,,,,,,,,,,,,,,,,,,,
2023-03-21 19:53:56,2023-03-21 19:55:29,Survey Preview,,100,93,True,2023-03-21 19:55:31,R_RX1e7YuMFt4N3gZ,,,,,40.7123,-74.0068,preview,EN,,,,,,,,,,,,,,,,,,,,,,,,,,,,,,,,Fake Account,Fake Account,,,,Real Account,,,,,,,,,0,0,0,0,0,0,0,0
2023-03-21 13:23:17,2023-03-21 20:01:55,IP Address,74.66.199.134,100,23917,True,2023-03-21 20:01:55,R_1GwypNigYd9tnvw,,,,,40.7123,-74.0068,anonymous,EN,,,,,,,,,,,,,,,,,,,,,,0,0,1.867,0,,,,,,,,,,,,,,,,,,,,,,,,,,,,
2023-03-21 20:01:59,2023-03-21 20:02:56,IP Address,74.66.199.134,100,56,True,2023-03-21 20:02:56,R_2WN1d37a2ecex7H,,,,,40.7123,-74.0068,anonymous,EN,,,,,,,,,,,,,,,,,,,,,,,,,,,,,,,,Real Account,,Fake Account,Real Account,Fake Account,Fake Account,,,,,,,,,0,0,0,0,0,0,0,0
2023-03-21 20:22:35,2023-03-21 20:25:20,IP Address,67.243.152.206,100,164,True,2023-03-21 20:25:20,R_dbzxlUlIDaIbcid,,,,,40.7123,-74.0068,anonymous,EN,,,,,,,,,,,,,,,,,,,,,72,,,,,,,,,,,Fake Account,Real Account,Fake Account,Fake Account,Fake Account,Fake Account,,,,,,,,,0,0,0,0,0,0,0,0
2023-03-22 11:45:24,2023-03-22 11:46:12,IP Address,209.2.224.223,100,47,True,2023-03-22 11:46:13,R_uaCSjqRKZCFRcc1,,,,,40.7279,-73.9966,anonymous,EN,,,,,,,,,,,,,,,,,,,,,7,,,,,,,,,,,Fake Account,Real Account,Fake Account,Real Account,Real Account,Fake Account,,,,,,,,,0,0,0,0,0,0,0,0
2023-03-23 10:43:52,2023-03-23 10:47:15,IP Address,108.27.236.149,100,203,True,2023-03-23 10:47:16,R_3J9HQiPNITskx0R,,,,,40.7099,-73.9591,anonymous,EN,,,,,,,,,,,,,,,,,,,,100,100,,,,,,,,,,,Real Account,Fake Account,Fake Account,Real Account,Real Account,Fake Account,,,,,,,,,0,0,0,0,0,0,0,0
2023-03-27 09:55:57,2023-03-27 09:58:40,Survey Preview,,100,163,True,2023-03-27 09:58:42,R_3jfJiBlncG57oor,,,,,40.7123,-74.0068,preview,EN,,,,,,,,,,,,,,,,,,,,89,6,,,,,,,,,,,,,,,,,,,,,,,,,0,0,0,0,0,0,0,0
2023-03-27 10:46:47,2023-03-27 10:47:38,IP Address,74.66.199.134,100,50,True,2023-03-27 10:47:39,R_2v9cDdRNUAJTjt7,,,,,40.7123,-74.0068,anonymous,EN,,,,,,,,,,,,,,,,,,,,,,,,,,89,15,,,,,Fake Account,Real Account,Fake Account,Real Account,Real Account,Real Account,,,,,,,,,1,1,0,1,1,1,1,0
2023-03-27 11:07:55,2023-03-27 11:08:17,Survey Preview,,100,22,True,2023-03-27 11:08:18,R_Y3lkTMyPpftqVfr,,,,,40.7123,-74.0068,preview,EN,,,,,,,,,,,,,,,,,,,,,,,,,,,,,,,,,,,,,,,,,,,,,,0,0,0,0,0,0,0,0
2023-03-21 13:32:22,2023-03-21 13:33:17,IP Address,160.39.28.211,60,55,False,2023-03-28 13:33:18,R_2eQMqywRC8UWvyh,,,,,,,anonymous,EN,,,,,,,,,,,,,,,,,,,,61,,,,,,,,,,,,,,,,,,,,,,,,,,,,,,,,,
2023-03-21 13:44:16,2023-03-21 13:44:42,IP Address,174.197.136.157,50,25,False,2023-03-28 13:46:00,R_3iPEyggPMDxvi7G,,,,,,,anonymous,EN,,,,,,,,,,,,,,,,,,,,,,,,,,,,,,,,,,,,,,,,,,,,,,,,,,,,,
2023-03-21 13:43:09,2023-03-21 13:43:48,IP Address,104.28.55.234,50,39,False,2023-03-28 13:54:28,R_1IHkk4KF9HjFjBN,,,,,,,anonymous,EN,,,,,,,,,,,,,,,,,,,,,,,,,,,,,,,,,,,,,,,,,,,,,,,,,,,,,
2023-03-21 13:55:03,2023-03-21 13:55:55,IP Address,67.243.146.210,50,51,False,2023-03-28 13:55:57,R_1Fv5cdq7IplVu8N,,,,,,,anonymous,EN,,,,,,,,,,,,,,,,,,,,,,,,,,,,,,,,,,,,,,,,,,,,,,,,,,,,,
2023-03-21 13:56:00,2023-03-21 13:57:24,IP Address,74.66.199.134,80,84,False,2023-03-28 13:57:30,R_1mW5x0UrhTO29aP,,,,,,,anonymous,EN,,,,,,,,,,,,,,,,,,,,69,,15.905,20.414,21.065,5,,,,,,,,,,,,,,,,,,,,,,,,,,,,
2023-03-21 13:48:13,2023-03-21 13:48:20,IP Address,72.225.195.35,80,6,False,2023-03-28 13:58:39,R_Qcw3Q1LRlT8Q1A5,,,,,,,anonymous,EN,,,,,,,,,,,,,,,,,,,,,,,,,,,,,,,,,,,,,,,,,,,,,,,,,,,,,
2023-03-21 13:53:26,2023-03-21 13:53:31,IP Address,160.39.55.158,50,4,False,2023-03-28 14:02:44,R_3L8gkOm6a52QDGf,,,,,,,anonymous,EN,,,,,,,,,,,,,,,,,,,,,,,,,,,,,,,,,,,,,,,,,,,,,,,,,,,,,
2023-03-21 14:23:46,2023-03-21 14:24:00,IP Address,65.204.128.202,50,13,False,2023-03-28 14:24:01,R_r9lgCJkuNZh7wTT,,,,,,,anonymous,EN,,,,,,,,,,,,,,,,,,,,,,,,,,,,,,,,,,,,,,,,,,,,,,,,,,,,,
2023-03-21 14:45:01,2023-03-21 14:49:48,IP Address,173.56.93.66,50,286,False,2023-03-28 14:49:52,R_tKuzYXpa1pETHkl,,,,,,,anonymous,EN,,,,,,,,,,,,,,,,,,,,,,,,,,,,,,,,,,,,,,,,,,,,,,,,,,,,,
2023-03-21 15:25:10,2023-03-21 15:25:37,IP Address,154.124.221.31,50,26,False,2023-03-28 15:25:44,R_2fHYiLeBEFLdFqS,,,,,,,anonymous,EN,,,,,,,,,,,,,,,,,,,,,,,,,,,,,,,,,,,,,,,,,,,,,,,,,,,,,
2023-03-21 15:26:08,2023-03-21 15:26:24,IP Address,160.39.61.44,50,16,False,2023-03-28 15:26:26,R_ree9JpSmm7DXIeR,,,,,,,anonymous,EN,,,,,,,,,,,,,,,,,,,,,,,,,,,,,,,,,,,,,,,,,,,,,,,,,,,,,
2023-03-21 16:32:03,2023-03-21 16:33:31,IP Address,160.39.18.92,60,87,False,2023-03-28 16:33:32,R_3iK00M5k8XBTqyO,,,,,,,anonymous,EN,,,,,,,,,,,,,,,,,,,,67,,,,,,,,,,,,,,,,,,,,,,,,,,,,,,,,,
2023-03-21 16:40:41,2023-03-21 16:42:15,IP Address,38.73.251.207,80,94,False,2023-03-28 16:42:18,R_2YV9D9yuCWrJ2iX,,,,,,,anonymous,EN,,,,,,,,,,,,,,,,,,,,,,,,,,,,,,,,,,,,,,,,,,,,,,,,,,,,,
2023-03-21 16:08:08,2023-03-21 16:08:32,IP Address,207.237.111.150,50,23,False,2023-03-28 19:48:40,R_2VF0FVHKNqmdUKX,,,,,,,anonymous,EN,,,,,,,,,,,,,,,,,,,,,,,,,,,,,,,,,,,,,,,,,,,,,,,,,,,,,
2023-03-22 05:34:44,2023-03-22 05:35:06,IP Address,174.216.244.247,31,22,False,2023-03-29 05:35:07,R_2VqeWfzIYK27eSe,,,,,,,anonymous,EN,,,,,,,,,,,,,,,,,,,,,,,,,,,,,,,,,,,,,,,,,,,,,,0,0,0,0,0,0,0,0
2023-03-22 08:50:49,2023-03-22 08:51:18,IP Address,100.33.85.96,38,29,False,2023-03-29 08:51:21,R_2PiLS8Fs81czkcB,,,,,,,anonymous,EN,,,,,,,,,,,,,,,,,,,,,,,,,,,,,,,,,,,,,,,,,,,,,,0,0,0,0,0,0,0,0
2023-03-22 02:45:42,2023-03-22 09:13:10,IP Address,78.54.50.57,31,23247,False,2023-03-29 09:13:13,R_2y8xXrDK8Hx94Xa,,,,,,,anonymous,EN,,,,,,,,,,,,,,,,,,,,,,,,,,,,,,,,,,,,,,,,,,,,,,0,0,0,0,0,0,0,0
2023-03-22 13:48:28,2023-03-22 13:48:32,IP Address,154.124.221.31,31,3,False,2023-03-29 13:48:33,R_YWDyRHlmFAh0N3P,,,,,,,anonymous,EN,,,,,,,,,,,,,,,,,,,,,,,,,,,,,,,,,,,,,,,,,,,,,,0,0,0,0,0,0,0,0
2023-03-21 15:47:25,2023-03-22 15:00:18,IP Address,201.190.175.68,50,83573,False,2023-03-29 15:00:19,R_1FrzlzhM6RM6X7z,,,,,,,anonymous,EN,,,,,,,,,,,,,,,,,,,,,,,,,,,,,,,,,,,,,,,,,,,,,,,,,,,,,
2023-03-22 16:24:46,2023-03-22 16:25:19,IP Address,71.255.70.71,38,33,False,2023-03-29 16:25:21,R_2QEh9yvha4CBjjl,,,,,,,anonymous,EN,,,,,,,,,,,,,,,,,,,,,,,,,,,,,,,,,,,,,,,,,,,,,,0,0,0,0,0,0,0,0
2023-03-22 17:05:49,2023-03-22 17:07:11,IP Address,73.15.186.142,31,81,False,2023-03-29 17:07:15,R_21nYnDUESIZ9nVG,,,,,,,anonymous,EN,,,,,,,,,,,,,,,,,,,,,,,,,,,,,,,,,,,,,,,,,,,,,,0,0,0,0,0,0,0,0
2023-03-23 13:27:24,2023-03-23 13:31:27,IP Address,70.23.99.80,31,242,False,2023-03-30 13:31:30,R_W7LLYH6KX9YxsIh,,,,,,,anonymous,EN,,,,,,,,,,,,,,,,,,,,,,,,,,,,,,,,,,,,,,,,,,,,,,0,0,0,0,0,0,0,0
2023-03-21 14:40:03,2023-03-25 10:12:01,IP Address,95.91.243.37,50,329518,False,2023-04-01 10:12:07,R_3fpWuRb6I9c6cea,,,,,,,anonymous,EN,,,,,,,,,,,,,,,,,,,,,,,,,,,,,,,,,,,,,,,,,,,,,,,,,,,,,
2023-04-12 11:25:50,2023-04-12 11:29:25,Survey Preview,,100,214,True,2023-04-12 11:29:26,R_wYHPp4mBnGNfLWx,,,,,30.4908,-84.3158,preview,EN,,Yes,,1,,,,,,"Extremely interested,Very interested",,,,,,,,,,,,,,,,51,,24.808,48.408,49.171,2,,,,,,,$0.25 in cash,$0.25 in cash,,,,,,certain,0,0,0,0,0,0,0,0
2023-04-19 10:22:26,2023-04-19 10:25:48,Survey Preview,,100,201,True,2023-04-19 10:25:50,R_3Gj6s6ajiQjy1bz,,,,,47.6722,-122.1257,preview,EN,,Yes,66666,1,50 miles,600,$200,"$12,000",44,"Extremely interested,Very interested",,,,,,30.668,30.668,32.039,1,69,81,3.027,3.147,5.819,2,,,,,,,Real Account,Real Account,Real Account,Real Account,Real Account,Real Account,,,,50,$0.25 in cash,,,pre,0,0,0,0,0,0,0,0
2023-04-24 11:02:06,2023-04-24 11:02:54,Survey Preview,,100,48,True,2023-04-24 11:02:56,R_3Gx1qOgR6AD77i7,,,,,30.4908,-84.3158,preview,EN,,Yes,,,,,,,,,,,,"An Amazon gift card whose value is decided by the following lottery: Of every 100 people who play the lottery, 50 win a $50 Amazon gift card and the other 50 win a $100 Amazon gift card.",,,,,,,,,,,,,,0,0,3.544,0,,,,,,,,,,,,,,pre,0,0,0,0,0,0,0,0
2023-04-24 11:03:39,2023-04-24 11:05:12,Survey Preview,,100,93,True,2023-04-24 11:05:14,R_33jvcoUiG8GlWFz,,,,,30.4908,-84.3158,preview,EN,,Yes,,100,60 miles,167,$200,"$12,000",44,"Extremely interested,Very interested",$50 Amazon gift card,,,,,,,,,,,,,,,76,75,2.58,7.348,8.312,4,Fake Account,Fake Account,Fake Account,Fake Account,Fake Account,Fake Account,,,,50,$0.25 in cash,,,pre,0,0,0,0,0,0,0,0
2023-04-26 14:10:08,2023-04-26 14:10:16,Survey Preview,,100,7,True,2023-04-26 14:10:18,R_3Ra2zLyjT3UU4I9,,,,,40.7263,-73.9818,preview,EN,0.8999999761581421,No,,,,,,,,,,,,,,,,,,,,,,,,,,,,,,,,,,,,,,,,,,,,,,,,,,,
2023-04-26 14:25:26,2023-04-26 14:26:24,Survey Preview,,100,58,True,2023-04-26 14:26:25,R_2aRaWbLUEjtERrJ,,,,,40.7263,-73.9818,preview,EN,0.8999999761581421,Yes,,1,45 miles,166,$100,$4000,53,Extremely interested,,,,,Republican Party,1.947,3.722,4.122,2,86,70,1.329,3.725,4.545,3,,,,,,,,,,,,,,,,,,,,certain,0,0,0,0,0,0,0,0
2023-04-28 10:16:10,2023-04-28 10:23:38,IP Address,108.51.83.87,100,448,True,2023-04-28 10:23:43,R_BRGA08R5Yi44K5P,,,,,38.894,-77.0365,anonymous,EN,0.8999999761581421,Yes,5947f37ff154200001b51473,10,45 miles,500,$150,$9000,44,"Extremely interested,Very interested",,,,"An Amazon gift card whose value is decided by the following lottery: Of every 100 people who play the lottery, 50 win a $50 Amazon gift card and the other 50 win a $100 Amazon gift card.",Democratic Party,,,,,,,,,,,70,25,6.729,15.87,16.309,5,Fake Account,Real Account,Fake Account,Fake Account,Real Account,Fake Account,,An Amazon gift card whose value is determined by a virtual coin toss. You win a $0.50 Amazon gift card if the coin lands heads and a $1 Amazon gift card if it lands tails,Click to write Choice 1,,,Yes,5947f37ff154200001b51473,.50,0,0,0,0,0,0,0,0
2023-04-28 10:27:58,2023-04-28 10:30:54,IP Address,72.95.119.121,100,176,True,2023-04-28 10:30:56,R_Z7S7U3C0XANrqeZ,,,,,43.2817,-71.6595,anonymous,EN,1,Yes,5c17a9fbfeaf2c0001c4b19a,100,60 miles,167,$250,$4000,33,"Extremely interested,Very interested",,,$25 in cash,,Democratic Party,,,,,,,,,,,73,72,0,0,1.813,0,Fake Account,,Real Account,Fake Account,Real Account,Real Account,$0.25 in cash,,,,,,5c17a9fbfeaf2c0001c4b19a,certain,0,0,0,0,0,0,0,0
2023-04-28 10:25:56,2023-04-28 10:31:55,IP Address,73.168.222.16,100,358,True,2023-04-28 10:31:57,R_1EaILxLxKgu1p7M,,,,,41.9032,-87.6383,anonymous,EN,0.8999999761581421,Yes,63f77d4f671167ec16eee15c,10,50 miles,500,$150,$9000,44,"Extremely interested,Very interested",$50 Amazon gift card,,,,Democratic Party,37.103,37.103,39.331,1,38,97,8.485,9.809,10.213,3,,,,,,,Fake Account,Real Account,Real Account,Real Account,Fake Account,Real Account,,$0.25 in cash,Click to write Choice 1,,,,63f77d4f671167ec16eee15c,uncertain,0,0,0,0,0,0,0,0
2023-04-28 10:24:58,2023-04-28 10:32:08,IP Address,71.143.216.152,100,429,True,2023-04-28 10:32:10,R_2OJdPv7kYgvTUFo,,,,,38.3078,-85.7359,anonymous,EN,1,Yes,615defb34adf2f2e2e4bc539,10,50 miles,167,$150,$8000,62,"Extremely interested,Very interested",,,,$25 in cash,,6.962,9.36,10.101,2,18,19,15.778,37.142,37.983,3,,,,,,,Fake Account,Fake Account,Real Account,Real Account,Real Account,Real Account,,,,50,$0.25 in cash,,615defb34adf2f2e2e4bc539,pre,0,0,0,0,0,0,0,0
2023-04-28 10:26:00,2023-04-28 10:32:32,IP Address,98.207.162.210,100,392,True,2023-04-28 10:32:35,R_UiKYZfMymEs6Xzb,,,,,37.4967,-122.2665,anonymous,EN,1,Yes,632bfca8a1b8f79e499a35d9,1,50 miles,167,$150,$9000,44,"Extremely interested,Very interested",$25 in cash,,,,Democratic Party,,,,,,,,,,,24,82,8.024,12.127,13.281,4,Fake Account,Fake Account,Real Account,Real Account,Real Account,Real Account,,,,$50,An Amazon gift card whose value we determine by a lottery where a person has a 50% chance of winning a $0.50 Amazon gift card and a 50% chance of winning a $1 Amazon gift card,Yes,632bfca8a1b8f79e499a35d9,.50,0,0,0,0,0,0,0,0
2023-04-28 10:32:06,2023-04-28 10:33:36,IP Address,73.168.222.16,100,89,True,2023-04-28 10:33:37,R_8qOLKVTaIspI9Ql,,,,,41.9032,-87.6383,anonymous,EN,1,Yes,63f77d4f671167ec16eee15c,10,50 miles,500,$150,$9000,44,"Extremely interested,Very interested",$25 in cash,,,,Democratic Party,2.702,3.073,3.542,2,33,89,1.613,2.919,3.484,4,,,,,,,Fake Account,Real Account,Fake Account,Real Account,Fake Account,Fake Account,,$0.25 in cash,Click to write Choice 2,,,,63f77d4f671167ec16eee15c,uncertain,0,0,0,0,0,0,0,0
2023-04-28 10:20:03,2023-04-28 10:37:40,IP Address,23.93.75.144,100,1056,True,2023-04-28 10:37:43,R_3LjdnP8SjgztGXZ,,,,,37.8767,-122.2676,anonymous,EN,1,Yes,5ea7b7db3021ac19f4c60770,10,45 miles,500,$150,$9000,44,"Extremely interested,Very interested",,,$25 in cash,,Democratic Party,76.964,82.116,83.563,2,17,61,67.518,74.155,75.331,2,,,,,,,Fake Account,Fake Account,Real Account,Fake Account,Real Account,Real Account,,,,0,$0.25 in cash,,5ea7b7db3021ac19f4c60770,pre,0,0,0,0,0,0,0,0
2023-04-28 10:35:34,2023-04-28 10:41:57,IP Address,99.47.159.215,100,382,True,2023-04-28 10:41:59,R_3RsHDFiBjVYFwPo,,,,,35.1431,-90.0492,anonymous,EN,1,Yes,57d810f1813eb30001825b65,10,60 miles,600,$150,$9000,62,"Extremely interested,Very interested",,,,"An Amazon gift card whose value is decided by the following lottery: Of every 100 people who play the lottery, 50 win a $50 Amazon gift card and the other 50 win a $100 Amazon gift card.",Republican Party,30.071,30.071,30.866,1,34,68,15.253,15.253,16.465,1,,,,,,,Real Account,Real Account,Real Account,Fake Account,Real Account,Real Account,,,,50,$0.25 in cash,,57d810f1813eb30001825b65,pre,0,0,0,0,0,0,0,0
2023-04-28 10:33:25,2023-04-28 10:42:45,IP Address,97.119.186.180,100,560,True,2023-04-28 10:42:48,R_3oWN3TiE9pzjcsk,,,,,41.2884,-95.9972,anonymous,EN,1,Yes,5feca808ebe59297998b5133,10,60 miles,500,$150,$9000,53,"Extremely interested,Very interested",,$25 in cash,,,Democratic Party,,,,,,,,,,,45,87,69.279,69.279,75.167,1,Real Account,Fake Account,Fake Account,Real Account,Fake Account,Real Account,$0.25 in cash,,,,,,5feca808ebe59297998b5133,certain,0,0,0,0,0,0,0,0
2023-04-28 10:40:40,2023-04-28 10:43:09,IP Address,67.161.70.162,100,148,True,2023-04-28 10:43:10,R_sv7p6ggV0BSmfYJ,,,,,37.342,-121.9049,anonymous,EN,1,Yes,62c66885ba0578c9b5a0e4ae,10,40 miles,500,$150,$9000,62,"Extremely interested,Very interested",,,$25 in cash,,Democratic Party,,,,,,,,,,,48,64,6.876,6.876,8.324,1,Real Account,Fake Account,Fake Account,Fake Account,Real Account,Real Account,,$0.25 in cash,Click to write Choice 1,,,,62c66885ba0578c9b5a0e4ae,uncertain,0,0,0,0,0,0,0,0
2023-04-28 10:45:36,2023-04-28 10:53:02,IP Address,172.58.243.11,100,446,True,2023-04-28 10:53:03,R_3Hz9mjJjckamFid,,,,,38.894,-77.0365,anonymous,EN,1,Yes,63ecff4f95c294a9c2024c5a,10,40 miles,500,$150,$9000,44,"Extremely interested,Very interested",$50 Amazon gift card,,,,Democratic Party,3.226,34.364,34.9,16,0,100,9.543,11.333,11.776,3,,,,,,,Fake Account,Real Account,Fake Account,Fake Account,Real Account,Real Account,An Amazon gift card of $0.50 in value,,,,,Yes,63ecff4f95c294a9c2024c5a,certain,0,0,0,0,0,0,0,0
2023-04-28 10:50:17,2023-04-28 11:01:00,IP Address,208.64.158.239,100,642,True,2023-04-28 11:01:01,R_3kw6MmGXRCaOa1c,,,,,28.5177,-81.4508,anonymous,EN,0.8999999761581421,Yes,61086791465482e3ec238c87,10,50 miles,500,$150,$9000,53,"Extremely interested,Very interested",$25 in cash,,,,Democratic Party,,,,,,,,,,,39,83,14.671,15.843,46.377,2,Fake Account,Fake Account,Fake Account,Fake Account,Real Account,Fake Account,$0.25 in cash,,,,,,61086791465482e3ec238c87,certain,0,0,0,0,0,0,0,0
2023-04-28 12:21:15,2023-04-28 12:30:44,IP Address,74.83.203.210,100,568,True,2023-04-28 12:30:45,R_2BzVnTJvkRNffgv,,,,,39.336,-84.3126,anonymous,EN,0.8999999761581421,Yes,63d698429453269de520bbb8,10,60 miles,500,$150,$9000,44,"Extremely interested,Very interested",$50 Amazon gift card,,,,Republican Party,,,,,,,,,,,60,75,3.195,20.205,20.843,3,Real Account,Real Account,Real Account,Real Account,Real Account,Real Account,,,,50,$0.25 in cash,,63d698429453269de520bbb8,pre,0,0,0,0,0,0,0,0
2023-04-28 12:27:39,2023-04-28 12:34:59,IP Address,72.255.70.150,100,440,True,2023-04-28 12:35:00,R_2feNc1baigH0GFD,,,,,31.5105,-84.3087,anonymous,EN,1,Yes,63ed86ca95e89a58884b9677,10,45 miles,500,$150,$9000,44,"Extremely interested,Very interested",,,$25 in cash,,,10.259,82.084,82.906,17,81,74,0.961,38.731,39.725,17,,,,,,,Fake Account,Real Account,Real Account,Fake Account,Real Account,Real Account,$0.25 in cash,,,,,,63ed86ca95e89a58884b9677,certain,0,0,0,0,0,0,0,0
2023-04-28 12:34:40,2023-04-28 12:39:50,IP Address,75.141.117.47,100,310,True,2023-04-28 12:39:51,R_2dMhKMJWwG3gxSe,,,,,34.1438,-117.2548,anonymous,EN,0.8999999761581421,Yes,5e3244f5bac19521aee1a0de,10,45 miles,500,$150,$9000,44,"Extremely interested,Very interested",$50 Amazon gift card,,,,,36.721,36.721,37.398,1,6,90,7.693,7.693,13.4,1,,,,,,,Fake Account,Real Account,Real Account,Real Account,Real Account,Real Account,$0.25 in cash,,,,,,5e3244f5bac19521aee1a0de,certain,0,0,0,0,0,0,0,0
2023-04-28 12:32:03,2023-04-28 12:46:47,IP Address,172.58.184.51,100,883,True,2023-04-28 12:46:47,R_21nSvf6ZwPfTy0K,,,,,37.751,-97.822,anonymous,EN,1,Yes,610da052e73bf3db58b1402f,10,50 miles,166,$150,$9000,62,"Extremely interested,Very interested",,,,"An Amazon gift card whose value is decided by the following lottery: Of every 100 people who play the lottery, 50 win a $50 Amazon gift card and the other 50 win a $100 Amazon gift card.",Democratic Party,,,,,,,,,,,33,100,70.05,71.026,71.746,2,Fake Account,Real Account,Real Account,Fake Account,Real Account,Real Account,,,,50,$0.25 in cash,,610da052e73bf3db58b1402f,pre,0,0,0,0,0,0,0,0
2023-04-28 12:38:40,2023-04-28 12:52:14,IP Address,70.121.151.14,100,814,True,2023-04-28 12:52:15,R_1dFu4FHeo2bSNel,,,,,29.4227,-98.4927,anonymous,EN,1,Yes,5ce6fface788a7001a3e94f1,10,60 miles,500,$150,$9000,62,"Extremely interested,Very interested",,A lottery in which you have a 50% chance of winning a $50 Amazon gift card and a 50% chance of winning a $100 Amazon gift card.,,,,62.302,62.302,64.97,1,0,100,14.049,14.049,14.738,1,,,,,,,Fake Account,Fake Account,Fake Account,Real Account,Fake Account,Real Account,,,,50,An Amazon gift card whose value we determine by a lottery where a person has a 50% chance of winning a $0.50 Amazon gift card and a 50% chance of winning a $1 Amazon gift card,Yes,5ce6fface788a7001a3e94f1,1,0,0,0,0,0,0,0,0
2023-04-28 12:54:38,2023-04-28 12:56:13,IP Address,108.54.225.200,100,95,True,2023-04-28 12:56:14,R_2OO1gpVt46Bh6Vs,,,,,40.6186,-73.9272,anonymous,EN,0.800000011920929,Yes,63ed3c9553e90510bf1da553,10,60 miles,167,$150,$9000,53,Moderately interested,,,,$25 in cash,Democratic Party,,,,,,,,,,,78,69,1.446,3.84,4.252,5,Fake Account,Real Account,Real Account,Real Account,Real Account,Real Account,,,,,,,63ed3c9553e90510bf1da553,uncertain,0,0,0,0,0,0,0,0
2023-04-28 12:53:27,2023-04-28 12:57:42,IP Address,98.206.34.159,100,254,True,2023-04-28 12:57:42,R_3MA1Mfa4Wjw82ms,,,,,41.5636,-88.2157,anonymous,EN,1,Yes,6310b0e0a83a76b663465835,10,60 miles,167,$150,$9000,44,"Extremely interested,Very interested",,A lottery in which you have a 50% chance of winning a $50 Amazon gift card and a 50% chance of winning a $100 Amazon gift card.,,,Democratic Party,0.939,7.641,8.065,3,69,60,0.5,1.473,1.807,2,,,,,,,Fake Account,Real Account,Real Account,Real Account,Real Account,Real Account,,An Amazon gift card whose value is determined by a virtual coin toss. You win a $0.50 Amazon gift card if the coin lands heads and a $1 Amazon gift card if it lands tails,Click to write Choice 3,,,Yes,6310b0e0a83a76b663465835,1,0,0,0,0,0,0,0,0
2023-04-28 12:46:20,2023-04-28 12:57:49,IP Address,174.247.2.233,100,688,True,2023-04-28 12:57:49,R_3JlLSj6q19EF39p,,,,,35.2296,-80.843,anonymous,EN,1,Yes,5a61207cc0d8360001078f07,10,50 miles,500,$150,$9000,44,"Extremely interested,Very interested",,,,$25 in cash,Republican Party,,,,,,,,,,,33,35,4.403,46.013,46.821,5,Fake Account,Fake Account,Fake Account,Real Account,Fake Account,Fake Account,An Amazon gift card of $0.50 in value,,,,,Yes,5a61207cc0d8360001078f07,certain,0,0,0,0,0,0,0,0
2023-04-28 12:53:53,2023-04-28 13:00:55,IP Address,184.153.83.77,100,421,True,2023-04-28 13:00:56,R_217oDuaL2Pf64AV,,,,,40.7123,-74.0068,anonymous,EN,1,Yes,5e6033dbfb4665381e27f2fc,10,50 miles,500,$150,"$12,000",33,"Extremely interested,Very interested",$50 Amazon gift card,,,,Democratic Party,50.189,50.189,50.827,1,62,64,57.037,57.037,57.943,1,,,,,,,Real Account,Fake Account,Fake Account,Fake Account,Real Account,Fake Account,,$0.25 in cash,,,,,5e6033dbfb4665381e27f2fc,uncertain,0,0,0,0,0,0,0,0
2023-04-28 13:10:00,2023-04-28 13:16:38,IP Address,172.59.128.220,100,397,True,2023-04-28 13:16:38,R_1lzs04k5Q5jmU9I,,,,,37.7428,-122.1745,anonymous,EN,1,Yes,60c2dde65a63ca7ad434f658,10,50 miles,500,$150,$9000,44,"Extremely interested,Very interested",,,,$25 in cash,,,,,,,,,,,,100,0,12.111,16.84,26.034,4,Real Account,Real Account,Fake Account,Real Account,Real Account,Real Account,$0.25 in cash,,,,,,60c2dde65a63ca7ad434f658,certain,0,0,0,0,0,0,0,0
